ID,Link,Classification,Reasoning,Error
1,https://www.reddit.com/r/relationship_advice/comments/1sjdi90/how_can_i_25f_get_my_boyfriend_23m_to_stop/,Set / Respect Boundaries,"The boyfriend’s pattern is self-sabotaging and resistant to practical help, but the main issue is that the poster is being negatively affected by his behavior and needs to stop absorbing his habits. The most appropriate advice is to clearly establish limits around shared food/safety and not let his choices dictate hers, rather than trying to force him to change. She can encourage him, but she cannot make him stop this behavior.",
2,https://www.reddit.com/r/relationship_advice/comments/1s6jt21/my_boyfriend_m25_saw_an_old_video_of_mef24_and/,Communicate,"The immediate issue is a hurtful comment that damaged trust and attraction, but the most appropriate next step is an honest conversation about how deeply it affected her, what she needs to feel safe again, and whether he understands the impact beyond his apology. This is less about ending things right away and more about addressing the emotional rupture directly.",
3,https://www.reddit.com/r/relationship_advice/comments/1sjhmp9/not_sure_what_to_do_how_do_i_m40_deal_with/,Set / Respect Boundaries,"The core issue is not a lack of communication but an ongoing pattern of disrespect, poor parenting, and the poster feeling increasingly resentful and unheard. The immediate advice most appropriate is to set clear boundaries about what behavior he will and will not accept from both the partner and the children, and what consequences will follow if those limits are ignored. If the partner refuses to back him up, he may need to reconsider the relationship, but the first fitting category is boundaries.",
4,https://www.reddit.com/r/relationship_advice/comments/1sj1hm3/i_27f_took_my_boyfriends_virginity_26m_expecting/,Communicate,"The main issue is sexual compatibility and anxiety around his lack of orgasm and lower initiation, which is best addressed through an honest, non-accusatory conversation about expectations, comfort, and what he enjoys. He may need reassurance and openness rather than immediate breakup or only giving space. Since the poster’s self-esteem is being affected, they should discuss it directly and see whether they can align sexually, possibly later involving a sex therapist if needed, but the first step is communication.",
5,https://www.reddit.com/r/relationship_advice/comments/1s2fas9/i_27f_pregnant_can_barley_eat_and_my_partner_31m/,Communicate,"The core issue is that the fiancé is judging and shaming her for eating what she can tolerate during a difficult pregnancy, while she needs emotional support and practical understanding. The most appropriate advice is to have a direct, honest conversation about her pregnancy symptoms, the reality of her food aversions, and what support she needs from him, including setting expectations around food criticism.",
6,https://www.reddit.com/r/relationship_advice/comments/1sjdmcf/i_f36_overheard_my_husband_m35_comparing_me_to/,Communicate,"The immediate need is for an honest conversation with the husband about what was overheard, how hurtful it was, and what it means for trust and respect in the marriage. The poster should not ignore it or 'take it to the grave,' because the comments were directly about her, exes, and sexualizing others. The first step is to address it clearly and calmly, then assess whether this is a one-off drunken lapse or a deeper issue. If it escalates into patterns of disrespect, further boundaries or counselling may be needed, but the most appropriate primary advice is to communicate.",
7,https://www.reddit.com/r/relationship_advice/comments/1scxgxm/my_m33_wife_f28_cannot_accept_that_i_dated_a_on/,End Relationship,"The wife’s reaction centers on contempt, class-based shame, repeated threats of divorce, and refusing physical intimacy. The poster has already tried to explain, but the conflict is escalating and there is no indication that a normal conversation will resolve her disgust or that a simple compromise is available. The most appropriate advice is to end the relationship rather than continue in a hostile, degrading dynamic.",
8,https://www.reddit.com/r/relationship_advice/comments/1sixe35/my_33m_partner_32f_revealed_something_about/,Communicate,"The partner disclosed a serious past violent threat and the poster now feels unsafe and uncertain about continuing. The most appropriate advice is to talk directly about the concern, clarify context, and assess safety and expectations rather than immediately assume the relationship must end. Since the core issue is the poster’s alarm and whether the relationship can continue safely, an honest conversation is the best first step.",
10,https://www.reddit.com/r/relationship_advice/comments/1sc7a72/my_28m_girlfriend_28f_is_pregnant_with_twins_we/,Give Space / Time,"The relationship is in a highly volatile state with mutual hurt, repeated cruelty during arguments, and a pregnancy adding major stress. The immediate issue is not something that can be solved by one conversation alone; both partners are dysregulated and need a cooling-off period before any productive discussion. Stepping back briefly can help prevent more damage and allow emotions to settle before deciding next steps.",
11,https://www.reddit.com/r/relationship_advice/comments/1simwk0/am_i_43f_being_ridiculous_or_is_he_45m/,Communicate,"The immediate issue is a recurring communication pattern: he claims confusion over ambiguous wording, she feels dismissed and frustrated, and the core problem is how they talk to each other rather than a single event. The most appropriate advice is to address it directly with an open conversation about how each of them interprets unclear language and why it feels upsetting, rather than escalating to breakup or therapy as the first step.",
12,https://www.reddit.com/r/relationship_advice/comments/1sdm5m5/i_28f_found_out_my_bf_41m_has_been_requesting/,End Relationship,"This is a clear financial betrayal involving unauthorized cash withdrawals, plus a broader pattern of manipulation, verbal abuse, intimidation, and instability. The most appropriate advice is to prioritize safety and leave the relationship rather than trying to fix it through discussion or compromise.",
14,https://www.reddit.com/r/relationship_advice/comments/1scrx6b/i_told_my_wife_26f_that_our_baby_is_mine_and_that/,Communicate,"The core issue is that the wife’s work has consumed the relationship, leaving the poster feeling neglected during pregnancy and raising concerns about parenting teamwork. The most appropriate advice is to have a direct, honest conversation about the hurt, expectations for involvement, and how to rebalance work and family life before deciding anything more drastic. The poster already regrets the hurtful comment, so the next step should be communication rather than ending the relationship.",
15,https://www.reddit.com/r/relationship_advice/comments/1siu5l0/35m_bf_wants_to_control_how_much_i_eat_im_25f/,Set / Respect Boundaries,"The central issue is not a minor disagreement about fitness, but the boyfriend trying to control her food intake despite her history of an eating disorder, low weight, irregular periods, and clear distress. The most appropriate advice is to set firm boundaries around her eating and body autonomy, and not allow him to dictate her calories. ",
18,https://www.reddit.com/r/relationship_advice/comments/1sixexq/how_do_i_31m_convince_my_29f_that_her_reading_is/,Communicate,"The immediate need is an open, honest conversation about how her reading habits are affecting the relationship: loss of intimacy, missed plans, and hurtful comparisons. He should describe specific behaviors and feelings without attacking the hobby itself, and ask for changes or boundaries around how it impacts their time together. This is better addressed through communication first rather than jumping to ending the relationship or therapy.",
19,https://www.reddit.com/r/relationship_advice/comments/1sjhj10/23f_29m_porn_consumption_and_breaking_up/,Communicate,"The core issue is a mismatch in values and expectations around porn use. Since the poster has already communicated a clear boundary and is asking whether it is fair to expect complete cessation, the most appropriate advice is to have another open, honest conversation about what each partner considers acceptable and whether they can agree on a mutually workable standard. The situation is not primarily about needing therapy or simple time apart; it is about negotiating an agreement that both can genuinely live with, or recognizing incompatibility if they cannot.",
20,https://www.reddit.com/r/relationship_advice/comments/1sfa17p/sidelined_by_my_f34_fianc%C3%A9s_m38_groomswoman_f37/,Set / Respect Boundaries,"The core issue is that the fiancé repeatedly prioritizes his long-standing relationship with the groomswoman over the poster’s preferences and decisions, and the poster has already raised the concern multiple times without meaningful change. Before jumping to ending the engagement, the most appropriate advice is to set and clearly enforce boundaries around wedding decisions and couple traditions, and to communicate explicitly that this dynamic is not acceptable. The problem is less about needing immediate breakup advice and more about establishing limits on involvement and decision-making.",
21,https://www.reddit.com/r/relationship_advice/comments/1s4u10h/my_gf_22f_told_her_parents_about_my_24m_secret/,Communicate,"The core issue is that the girlfriend disclosed highly sensitive financial information after being explicitly asked to keep it private, which has damaged trust. The most appropriate next step is a direct, honest conversation about the breach, why it matters deeply, and what privacy expectations must be going forward. This is less about immediate breakup and more about addressing trust and confidentiality boundaries first.",
24,https://www.reddit.com/r/relationship_advice/comments/1sj0dbx/i_24f_saw_texts_that_my_partner_25m_sent_to_his/,End Relationship,"The partner’s private comments suggest manipulation, devaluation, and possible emotional abuse ('abusing this power I’ve acquired'). The poster has already confronted him, and the incident continues to cause significant distress months later. The most appropriate advice is to end the relationship if trust and respect cannot be restored, rather than just communicate or compromise.",
25,https://www.reddit.com/r/relationship_advice/comments/1shyw9h/i25m_caught_my_gf23f_with_a_just_a_friend_again/,End Relationship,"The core issue is repeated deception, boundary crossing with a specific 'friend,' and loss of trust. This is not a situation where better communication alone is likely to fix the pattern, especially since she only became transparent when caught and has a history of similar behavior. The most appropriate advice is to end the relationship or cut contact rather than continue trying to rebuild trust in a cycle of dishonesty.",
26,https://www.reddit.com/r/relationship_advice/comments/1sja1f2/i_23f_feel_trapped_in_my_relationship_with_my/,End Relationship,"The core issue is safety: the boyfriend is exhibiting stalking, possessiveness, coercive behavior, and threatening/controlling language. This is not a situation where slowing down, compromising, or couples communication is likely to help. The most appropriate advice is to end the relationship and prioritize a safe exit plan, potentially with support from friends, family, or authorities if needed.",
27,https://www.reddit.com/r/relationship_advice/comments/1sjfcxm/help_27m_in_determining_if_my_27f_gf_is_caring_or/,Set / Respect Boundaries,"The core issue is not really the drink limit itself, but that the girlfriend is trying to impose her health preferences on his personal choices. Since this is a recurring disagreement about how he should manage his own habits, the most appropriate advice is to set clear boundaries around autonomy and what each partner gets to decide for themselves. A calm conversation may be needed too, but the main need is to establish limits on controlling behavior rather than compromise on a shared household rule.",
29,https://www.reddit.com/r/relationship_advice/comments/1sh58hz/my_22f_boyfriend_26m_got_very_upset_when_i/,Set / Respect Boundaries,"The main issue is that the boyfriend responded with anger, blame, and repeated expulsions over a normal bodily function that she cannot fully control. While communication could help, the more appropriate advice is for her to establish firm boundaries around being shamed or punished for menstruation and to reconsider whether this relationship is emotionally safe and respectful, especially given her vulnerability as a refugee with limited support. The strongest immediate need is to set and respect boundaries about how she is treated, and not accept being thrown out over an accident.",
30,https://www.reddit.com/r/relationship_advice/comments/1sfm0nh/48f_planning_a_secret_exit_from_my_highly/,End Relationship,"This is an abusive, volatile relationship with physical aggression and escalating intimidation. The primary advice should focus on safely ending the relationship and creating a safe exit plan, rather than trying to communicate in person or negotiate. Because direct confrontation could put the poster at risk, the most appropriate category is ending the relationship, with safety-first separation methods.",
32,https://www.reddit.com/r/relationship_advice/comments/1s64wxk/my_boyfriend_28m_thinks_the_reason_why_he_cant/,Communicate,"This sounds like a sensitive sexual compatibility and communication issue rather than a relationship-ending problem. The boyfriend’s explanation may be inaccurate or blaming, and the poster feels insecure and confused. The most appropriate advice is for them to have an honest, calm conversation about what’s happening, what he’s experiencing, and what both of them need in intimacy, ideally without shame or blame. They may also need reassurance and possibly medical or sexual health guidance, but the primary step is open communication.",
33,https://www.reddit.com/r/relationship_advice/comments/1sj59tl/i_32f_found_my_husbands_30m_hidden_snapchat/,Communicate,"The husband admitted to creating a hidden account and repeatedly messaging other women, then initially lied about it. The main issue is serious betrayal of trust and possible boundary violation, but the poster is explicitly asking how to move forward and whether to forgive. The most appropriate initial advice is for the couple to have an honest, serious conversation about what happened, why it happened, and what would need to change for any reconciliation. This is more immediate than therapy or separation, though those may become relevant depending on the conversation.",
34,https://www.reddit.com/r/relationship_advice/comments/1sjh2wu/how_do_i_f18_work_with_this_feeling_from_my_bfm19/,Set / Respect Boundaries,"The core issue is that the poster already talked with her boyfriend about the behavior and agreed on a simple expectation: let each other know when they need private time. Since she still feels uncomfortable and disrespected, the most appropriate advice is to reinforce a clear boundary around when sexual/private activity is appropriate during calls and what transparency she needs from him, rather than ending the relationship or suggesting therapy first.",
35,https://www.reddit.com/r/relationship_advice/comments/1sjh0im/my_partner_f27_wants_to_do_cke_and_i_m24_think/,Set / Respect Boundaries,"The immediate issue is not just a disagreement about drugs, but a potential relationship boundary and safety issue. The poster is trying to prevent a behavior they consider high-risk and says it would be a dealbreaker if it continued into addiction. The most appropriate advice is to clearly set and enforce that boundary rather than trying to 'convince' her with arguments alone. A direct conversation is needed, but the core intervention is defining what is and is not acceptable in the relationship.",
37,https://www.reddit.com/r/relationship_advice/comments/1sj4rs9/how_do_i_f25_talk_to_my_boyfriend_m28_of_3_months/,Communicate,"The main issue is a health concern plus a communication problem: the poster needs to tell her boyfriend clearly that she is worried about contagion, wants him to follow treatment more consistently, and wants basic precautions in her home. This calls for an open, honest conversation and specific requests rather than ending the relationship or seeking therapy first.",
38,https://www.reddit.com/r/relationship_advice/comments/1sitgma/my_girlfriend_27f_career_expenses_are_killing_our/,Communicate,"The core issue is a repeated conflict about finances, unequal contributions, and feeling taken for granted. The most appropriate first step is a calm, honest conversation about shared financial expectations, what each person can afford, and what support is sustainable. This is primarily a communication problem, though boundaries may eventually be needed if the pattern continues.",
40,https://www.reddit.com/r/relationship_advice/comments/1sj9ubl/boyfriend_m_28_asked_for_space_then_i_f_27found/,Communicate,"The core issue is repeated dishonesty and ongoing contact with an ex despite prior discussions and a request for transparency. The immediate best advice is to have a direct, honest conversation about boundaries and what this relationship can tolerate, since the poster needs clarity before deciding next steps. This is less about immediate breakup and more about confronting the pattern openly.",
42,https://www.reddit.com/r/relationship_advice/comments/1sfwpsy/my_32f_partner_37m_says_i_dont_let_him_talk_but/,Set / Respect Boundaries,"The core issue is a persistent, unhealthy communication dynamic where both partners feel unheard, but the poster especially describes feeling talked at, invalidated, and increasingly unsafe opening up. The most appropriate advice is to establish clear communication limits and boundaries: using turn-taking, time limits, pauses when emotions escalate, and refusing conversations that become circular or demeaning. While therapy could help, the immediate need is for boundaries around how conversations happen, since the partner resists change and the poster is being overwhelmed and criticized.",
43,https://www.reddit.com/r/relationship_advice/comments/1sjgy7t/gf_wanted_to_meet_with_her_ex_19m_18f/,Set / Respect Boundaries,"The core issue is that the girlfriend was actively willing to meet an ex and hid the conversation, then minimized it afterward. The poster is understandably hurt and trust has been damaged. The most appropriate advice is to have a direct, honest conversation about boundaries, exclusivity, and what counts as acceptable contact with exes. This is not clearly an immediate breakup situation from the information given, but it does require setting firm boundaries around secrecy and ex contact.",
44,https://www.reddit.com/r/relationship_advice/comments/1sjd3kl/it_is_my_f18_and_my_partner_nb18s_anniversary/,Communicate,"The main issue is an ongoing mismatch in expectations around anniversaries and gift-giving, plus the partner’s pattern of apologizing without changing behavior. The most appropriate advice is to have an honest conversation about what anniversaries and gifts mean to each of you, and to clearly state what you need going forward rather than silently managing disappointment. A conversation can also address alternatives to going out to dinner that fit the poster’s needs.",
45,https://www.reddit.com/r/relationship_advice/comments/1sjcyz2/my_29f_partner_27m_is_getting_frustrated_with_me/,Communicate,"The core issue is a recurring miscommunication about his schedule, but it is clearly intensified by unresolved trust injury from the prior affair. The most appropriate advice is for them to have an honest, calm conversation about why the schedule questions feel loaded to him, why his reactions feel alarming to her, and to clarify expectations around sharing work times without accusation. Since the relationship has a betrayal history, that conversation should likely be paired with counseling if they struggle to rebuild trust, but the immediate best category is open communication.",
46,https://www.reddit.com/r/relationship_advice/comments/1sh265k/my_21f_boyfriend_26m_met_my_parents_and_it_didnt/,Give Space / Time,"The boyfriend appears overwhelmed by the interaction with her parents and is explicitly asking for space and time to focus on himself, while also saying he is not breaking up. The most appropriate advice is to respect his request for space, avoid pressuring him for immediate plans, and allow him time to process before discussing the relationship again.",
47,https://www.reddit.com/r/relationship_advice/comments/1sj1v8b/girlfriend_28f_loses_phone_and_lies_to_me_28m/,Communicate,"The core issue is a trust breach caused by lying about who was with her that night. The poster is unsure how to rebuild trust and specifically asks about how to approach it. The most appropriate first step is an honest, direct conversation to understand why she lied, what happened, and whether the relationship can repair trust; this is more immediate than breakup advice because there is no clear evidence of cheating, but the lie needs addressing.",
49,https://www.reddit.com/r/relationship_advice/comments/1sfszbj/my_f24_boyfriends_f26_long_term_girl_best_friend/,Communicate,"The boyfriend appears to have handled the confession appropriately and there is no clear wrongdoing, but the poster is still uncomfortable with him maintaining a close friendship with someone who previously confessed feelings. The most appropriate advice is to have an open, honest conversation about her discomfort and what level of contact feels acceptable going forward, rather than immediately ending the relationship or imposing unilateral control.",
50,https://www.reddit.com/r/relationship_advice/comments/1shccbu/how_do_i_tell_my_22f_partner_22nb_that_my/,Communicate,"The main issue is that the gift created a practical burden and the partner may not realize how stressful it is. The best next step is to have an honest, kind conversation about the logistics, costs, and whether the plan can be adjusted into something more workable for both of you. This is more about clarifying expectations and finding an acceptable solution than ending the relationship or immediately setting hard boundaries.",
51,https://www.reddit.com/r/relationship_advice/comments/1shb08f/is_it_fair_for_my_boyfriend_26m_to_charge_me_21f/,Communicate,"The core issue is a mismatch in expectations about finances and living arrangements. The poster should have a direct conversation with her boyfriend now about what is fair given that she shares his room, contributes household labor, and has dogs, rather than silently accepting or escalating conflict. This is best handled by openly discussing a revised rent split and household responsibilities to reach a mutually acceptable agreement.",
54,https://www.reddit.com/r/relationship_advice/comments/1shn299/an_anonymous_person_messaged_me_f27_saying_that/,Communicate,"The immediate issue is not to end the relationship or seek therapy yet, but to have a direct, honest conversation with Jason about the message, his reaction, and what he is willing to clarify. The poster needs to explain that she was not accusing him, ask for a calm explanation, and discuss whether there is anything from his past she should know. If he continues to avoid conversation, that becomes relevant, but the best first step is open communication.",
55,https://www.reddit.com/r/relationship_advice/comments/1sjedct/my_f_25_bf_m_25_accepted_his_exs_follow_request/,Set / Respect Boundaries,"The immediate issue is a trust and boundary concern around his ex contacting/following him after he said he would decline it. The most appropriate advice is to clearly discuss expectations, why this feels disrespectful, and what boundaries each partner wants around ex contact. This does not necessarily require ending the relationship based on the post alone, but it does call for an honest conversation and boundary-setting.",
56,https://www.reddit.com/r/relationship_advice/comments/1sdlysw/my_gf_24f_wants_me_25m_to_go_into_our_first_home/,Communicate,"This is primarily a mismatch in core financial values and expectations around home ownership, contribution, and future roles. Before making a major legal/financial commitment, the poster needs a direct conversation to define each person’s contribution, ownership shares, and what happens if they break up. Without clear agreement, this should not proceed.",
57,https://www.reddit.com/r/relationship_advice/comments/1s8ogw2/my_husband35mwants_me_to_quit_job_because/,Communicate,"The core issue is the husband's insecurity about earning less and his attempt to pressure her into quitting a job/promotion. The most appropriate advice is to have a direct, honest conversation about finances, roles, and the damage his threats are causing, ideally before making any major decision. If he remains controlling or threatening divorce over her career, then larger relationship issues may need to be addressed, but the immediate best category is open communication.",
58,https://www.reddit.com/r/relationship_advice/comments/1se9qtw/my_27f_partner_23m_is_losing_attraction_to_me_due/,Communicate,"The core issue is that the partner expressed concern about attraction due to weight gain, which is causing shame and uncertainty for the poster. The most appropriate next step is an honest conversation about how this comment affected her, whether his attraction concerns are temporary or deeper, and what support she needs while dealing with medication-related weight changes. This is not primarily about ending the relationship yet; it needs direct communication first.",
59,https://www.reddit.com/r/relationship_advice/comments/1sjc8ml/i_am_25m_my_bf_21m_came_out_to_his_parents_and/,Communicate,"The immediate issue is not something the couple can resolve through persuasion alone: his parents are threatening disownment and emotional coercion, and he is financially dependent on them. The most appropriate advice is for the couple to have a careful, honest conversation about safety, dependency, and whether continuing the relationship is worth the likely consequences right now. A rushed breakup is not the only option, but they need to openly decide on a plan together rather than acting in panic. This situation does not primarily call for compromise with the parents, and while therapy could help, the most urgent next step is communication between the partners.",
60,https://www.reddit.com/r/relationship_advice/comments/1sec6pq/when_my_boyfriend29m_and_i32f_have_sex_he/,Communicate,"This is a sexual performance concern that has persisted for years and is affecting both partners' satisfaction. The most appropriate advice is to discuss it openly and honestly with each other, and to consider a medical/sex therapy evaluation if needed, rather than assuming fault or making unilateral changes. A conversation about comfort, preferences, and possible underlying causes (including porn habits, sensitivity, anxiety, or premature ejaculation) is the best first step.",
61,https://www.reddit.com/r/relationship_advice/comments/1rxtlkd/my_husband_34m_told_his_friends_about_my/,Set / Respect Boundaries,"The husband disclosed a deeply personal and traumatic miscarriage as a joke to friends, then minimized her feelings, refused accountability, and framed her grief as overreacting. The immediate priority is not compromise but establishing clear boundaries around privacy, respect, and what is never acceptable to share or joke about. She needs to make it explicit that her reproductive history is off-limits and that he must stop dismissing her hurt. Professional support could help, but the most appropriate category here is boundary-setting because the core issue is disrespect and violation of trust.",
63,https://www.reddit.com/r/relationship_advice/comments/1sj0yzf/i_caught_my_wife_35f_emotionally_cheating_on_me/,End Relationship,"This is a repeated pattern of emotional cheating, deception, and broken trust over many years, despite prior forgiveness and counseling. The behavior has recurred multiple times and there is no evidence of sustained change, so the most appropriate advice is to end the relationship rather than continue trying to repair it.",
64,https://www.reddit.com/r/relationship_advice/comments/1s0dt8i/i_23f_was_too_nervous_to_finish_a_threesome_and/,Set / Respect Boundaries,"The boyfriend pressured the poster into a sexual situation she did not want, insulted her for hesitating, and is now giving her the silent treatment after she froze. This is not a communication or compromise issue; the healthiest advice is to set firm boundaries around sexual activity and coercion, and if he continues to punish or disrespect her, consider ending the relationship.",
65,https://www.reddit.com/r/relationship_advice/comments/1sjcbqi/i_feel_like_the_last_8_months_meant_nothing_20_m/,Set / Respect Boundaries,"The core issue is a clear boundary violation: the poster set a non-drug boundary from the start, and the girlfriend violated it and lied about it. The most appropriate advice is to clearly state the boundary, assess whether he can continue the relationship with this breach, and decide what consequences follow if it happens again. This is less about compromise because the poster has already made the limit explicit, and more about enforcing a personal boundary.",
66,https://www.reddit.com/r/relationship_advice/comments/1sj9n93/i_feel_f30_my_partner_m31_is_oblivious_to_prior/,Set / Respect Boundaries,"The core issue is a repeated pattern of unmet needs and failed follow-through after prior conversations. The poster has already raised concerns and the partner agrees but does not change, suggesting the next most appropriate advice is to set clear boundaries about what is required for the relationship to continue rather than simply having another vague talk. This situation may eventually require counseling, but the immediate actionable step is boundary-setting around connection, household responsibilities, and intimacy.",
67,https://www.reddit.com/r/relationship_advice/comments/1sjaq95/my_28f_friend_35f_found_her_boyfriends_42m_bumble/,End Relationship,"The core issue is that the friend has likely found evidence of cheating or at least active dating-app use despite being in a relationship, and the boyfriend denied it when confronted. The most appropriate advice is not about compromise or therapy first, but about directly addressing the dishonesty and deciding whether trust can be rebuilt. Since this appears to be a serious breach of trust in a long-distance relationship, the best fit is to encourage ending the relationship if he continues to lie or cannot provide a credible explanation.",
68,https://www.reddit.com/r/relationship_advice/comments/1s03emu/my_37f_partner_43m_is_obsessed_with_having/,Set / Respect Boundaries,"The core issue is not a lack of communication in general, but that the poster has already tried talking about the problem and the partner continues the behavior without accommodating her experience or sexual needs. The most appropriate advice is to clearly set and enforce sexual boundaries around what is and isn’t acceptable during intimacy, including not participating if he keeps prioritizing the toy over the shared experience. She should be direct that sex needs to be mutually satisfying and that the repeated interruption is a dealbreaker in the moment.",
69,https://www.reddit.com/r/relationship_advice/comments/1sjakuh/i_am_21f_with_21m_for_almost_5_years_and_do_i/,End Relationship,"The relationship includes repeated emotional abuse, coercion around sex, misogynistic beliefs, control, and financial manipulation. The poster is feeling trapped and says they don’t think the relationship is worth continuing. The most appropriate advice is to end the relationship and cut contact, with safety/support planning if needed.",
70,https://www.reddit.com/r/relationship_advice/comments/1sig2vi/struggling_with_me_18_f_and_my_girlfriend_19_fs/,Compromise,"The core issue is a mismatch in communication styles, emotional needs, and ways of handling conflict, and the poster explicitly says they need to understand each other better and find a compromise. The most appropriate advice is to have a calm, honest conversation about needs, reassurance, and conflict patterns so they can negotiate a workable middle ground. Therapy could help, but the immediate fit is compromise through communication.",
72,https://www.reddit.com/r/relationship_advice/comments/1sdrn8c/i_24m_found_my_partners_26m_secret_phone/,Communicate,"The poster has discovered a hidden second phone and messages that raise serious concern about potentially illegal or harmful sexual content. The immediate next step is to have a direct, honest conversation with the partner to clarify what is going on, rather than jumping straight to conclusions. Because the situation may also involve distressing or possibly illegal behavior, the poster may need to seek support afterward, but the most appropriate primary advice category is to communicate first and gather clarity.",
73,https://www.reddit.com/r/relationship_advice/comments/1sic8o1/girlfriend_f34_wants_to_open_the_relationship_i/,Communicate,"The core issue is a mismatch in sexual relationship expectations: one partner wants to open the relationship, while the poster does not feel comfortable with non-monogamy and wants intimacy within the relationship. The most appropriate advice is to have a frank conversation about needs, limits, and whether the relationship can continue in a form that works for both people. While trauma is part of the context, the immediate next step is communication about compatibility and consent around opening the relationship, not therapy alone or simply giving space.",
74,https://www.reddit.com/r/relationship_advice/comments/1si9pe1/im_30f_married_to_my_husband_30m_for_under_2/,Communicate,"The core issue is not a single crisis but a persistent pattern of emotional neglect, unmet needs, and resentment. The husband is not intentionally abusive, and the marriage may not be inherently unsalvageable, but the poster clearly needs to communicate her needs in a more direct, structured way and observe whether he can respond consistently. Because the situation centers on being unheard and wanting more emotional effort, the most appropriate advice is to have a serious honest conversation about expectations, needs, and whether he is willing to change, rather than immediately ending the relationship or only giving space.",
76,https://www.reddit.com/r/relationship_advice/comments/1s83ow3/husband_29m_and_i_33f_disagree_is_counting_hours/,Communicate,"This is primarily a conflict about fairness, workload, and division of childcare/household labor. The most appropriate advice is for the couple to have a calm, explicit conversation about expectations, responsibilities, and equal downtime, since the resentment is coming from poor coordination rather than an inherently unsalvageable situation. They need to negotiate a more balanced schedule for baby care, rest, work, and personal time.",
77,https://www.reddit.com/r/relationship_advice/comments/1sdfigo/is_my_23f_bf_23m_not_having_any_money_a/,Communicate,"The core issue is a mismatch in financial habits and priorities, not just a temporary cash shortage. The most appropriate first step is an honest conversation about budgeting, spending, and expectations for splitting expenses, since the poster feels strained by repeatedly covering costs and worries about long-term alignment. If they can’t agree on a sustainable plan, then they can reassess compatibility later, but the immediate advice is to communicate openly.",
78,https://www.reddit.com/r/relationship_advice/comments/1sjai1k/my_27f_boyfriend_27m_still_seems_hung_up_on_his/,Set / Respect Boundaries,"He has repeatedly violated trust by secretly checking his ex’s profile after promising not to, which suggests unresolved feelings and dishonesty. This isn’t just a minor insecurity issue; it’s a pattern that makes the relationship emotionally unsafe. The most appropriate advice is to set a clear boundary around contact/stalking behavior and be prepared to end the relationship if he can’t respect it.",
80,https://www.reddit.com/r/relationship_advice/comments/1sg1bys/i_30m_struggle_with_how_my_spouse_31f_parents/,Communicate,"The poster says they already communicate and are in therapy, and the core issue is that the spouse is struggling with parenting while the poster feels burnt out and resentful. The most appropriate advice is to deepen the conversation with the partner about workload, parenting expectations, and mutual support, rather than ending the relationship. Because the issue is ongoing and affects their dynamic, the primary category is open communication, with possible therapy already in place.",
81,https://www.reddit.com/r/relationship_advice/comments/1siqa4q/am_i_22m_being_controlling_and_violating_my/,Communicate,"The main issue is trust and suspicion in the relationship, not a need for control or immediate breakup. He wants reassurance and transparency, and the most appropriate next step is an honest conversation about boundaries, comfort levels, and what each considers private vs. acceptable sharing.",
82,https://www.reddit.com/r/relationship_advice/comments/1sgq8n6/im_a_36f_my_boyfriend_50m_wants_sex_247_and/,Set / Respect Boundaries,"The main issue is not a lack of communication or compromise, but repeated pressure for sex, guilt-tripping, and disrespect when she says no. She has already explained her limits multiple times, and his reactions are making her feel afraid and reducing her desire further. The appropriate advice is to set clear sexual boundaries and enforce them, including what happens if he continues to ignore them.",
83,https://www.reddit.com/r/relationship_advice/comments/1siq8gq/i_fear_my_25m_gf_24f_is_not_assertive_enough_to/,Communicate,"The core issue is uncertainty about long-term compatibility, specifically whether the partner’s lack of assertiveness will work in future parenting. The most appropriate first step is an honest conversation about expectations, parenting style, decision-making, and how each partner envisions handling boundaries with children. This is less about immediate breakup or therapy and more about clarifying concerns directly with the partner before making any conclusions.",
84,https://www.reddit.com/r/relationship_advice/comments/1rt7aul/my_24f_boyfriend_25m_got_drunk_the_day_after_i/,Set / Respect Boundaries,"The immediate issue is not just one bad night out, but a pattern of problematic drinking already discussed before, combined with the fact that the boyfriend is supposed to be providing essential post-op care while intoxicated and unreliable. The most appropriate advice is to set firm boundaries about alcohol and caregiving expectations right now, because the poster needs safety, sobriety, and dependable support during recovery. This is less about compromise and more about clearly defining what is acceptable while she is vulnerable.",
85,https://www.reddit.com/r/relationship_advice/comments/1shm79q/sexually_frustrated_and_conflicted_about_sex_life/,Communicate,"The main issue is an ongoing mismatch in sexual readiness and expectations after two years, and the poster has already tried bringing it up. The boyfriend is not ready and there’s no clear timeline, so the most appropriate advice is to have a direct, honest conversation about each person’s needs, expectations, and whether the relationship can continue in its current form. This is less about therapy, boundaries alone, or immediate breakup, and more about clarifying compatibility and deciding on a mutually acceptable path.",
86,https://www.reddit.com/r/relationship_advice/comments/1sja2qa/f22_m24/,Communicate,"The core issue is an ongoing imbalance in household labor and a pattern of one partner dismissing the other’s concerns as gaslighting rather than addressing them. This calls for a direct, honest conversation about expectations, responsibilities, and a fair division of chores before the baby arrives. Since both partners need to agree on a workable routine, the most appropriate advice is to communicate clearly and concretely rather than immediately end the relationship.",
87,https://www.reddit.com/r/relationship_advice/comments/1sid3ek/9_yr_relationship_questioning_marriage_31f_31m/,Communicate,"The core issue is that the relationship has stalled for years around a major commitment, and the poster has already raised marriage and self-improvement concerns multiple times without meaningful follow-through. The most appropriate advice is not just to keep waiting, but to have a clear, honest conversation about timeline, expectations, and whether both partners are truly aligned. If he still cannot commit to a concrete plan, that would inform next steps, but the immediate category is to communicate directly and candidly.",
88,https://www.reddit.com/r/relationship_advice/comments/1sicupd/i_f19_have_been_thinking_about_breaking_up_with/,Communicate,"The poster is questioning whether her long-term romantic orientation and lack of romantic feelings toward her boyfriend mean the relationship is not right for her. Since the core issue is uncertainty about compatibility and whether to end the relationship, the most appropriate advice is to have a direct, honest conversation with the boyfriend about her feelings and concerns before deciding next steps.",
89,https://www.reddit.com/r/relationship_advice/comments/1sj9onw/girl_in_bfs_friend_group_is_overly_friendly_with/,Communicate,"The poster is anxious about possible flirtation but does not have clear evidence of cheating. The healthiest next step is to talk openly with her boyfriend when sober, describe the specific behaviors that made her uncomfortable, and ask for reassurance/clarity rather than spiraling in silence. This is primarily a communication issue, not an immediate breakup or therapy-only situation.",
90,https://www.reddit.com/r/relationship_advice/comments/1sicjz3/underlying_trust_issues_andor_jealousy_24m_24f/,Communicate,"The poster describes internal jealousy and possible trust issues, but they do not indicate a relationship problem requiring separation or immediate boundary enforcement. The most appropriate next step is an open, honest conversation with the partner about the feelings and reassurance needs, rather than assuming betrayal. This is primarily about clarifying emotions and improving understanding together.",
91,https://www.reddit.com/r/relationship_advice/comments/1si8ap9/my_gf_22f_and_is_24m_sex_life_is_absent_how_do/,Communicate,"This is mainly a sexual compatibility and anxiety/trauma issue that has already been discussed but remains unresolved. The most appropriate advice is to have a calm, honest conversation about needs, expectations, and comfort levels, while also discussing whether a mutually acceptable pattern is possible. Since the relationship is not necessarily doomed, the best first step is communication rather than immediate breakup or pressure.",
92,https://www.reddit.com/r/relationship_advice/comments/1sij0xg/newly_weds_no_sex_23m_23f/,Communicate,"This is primarily a mismatch in sexual desire and expectations that is causing repeated conflict. The most appropriate advice is to have a direct, honest conversation about needs, feelings, and whether there is a mutually acceptable path forward. Because both partners see sex differently, they may also need to clarify expectations around household roles and intimacy, but the first step is open communication rather than immediate separation or therapy as the sole focus.",
93,https://www.reddit.com/r/relationship_advice/comments/1sgxcp6/my_boyfriend_24m_only_sleeps_with_me_24f_when_im/,Communicate,"The core issue is a recurring relationship dynamic that is hurting the poster’s self-esteem and sex life. The most appropriate advice is for her to have a direct, honest conversation with her boyfriend about how his pattern makes her feel, what she needs sexually, and to clarify whether this is about preference, mood, or an underlying issue. There’s no clear sign that the relationship should end immediately, but the problem needs open discussion rather than guessing or silently compensating with makeup.",
94,https://www.reddit.com/r/relationship_advice/comments/1sek06x/25f_found_hundreds_of_nudes_in_31m_bf_camera_roll/,Communicate,"The core issue is not just the porn collection itself, but the pattern of dishonesty, lack of intimacy, and possible compulsive sexual behavior that is directly harming the relationship. Since the poster is asking whether he is a lost cause and says she believes he would rather continue than change, the most appropriate advice is to address the problem directly and honestly, with a clear conversation about the lying, the impact on the relationship, and whether he is willing to change. If he is unwilling, then further decisions may follow, but the immediate best category is communication.",
95,https://www.reddit.com/r/relationship_advice/comments/1sdxkee/is_this_the_end_or_worth_saving_the_relationship/,Seek Therapy / Counselling,"The core issue is not just a temporary mismatch in libido, but a deep trust and commitment problem: he has admitted loss of physical attraction, has been withholding this for months while considering whether to propose, and is framing future commitment as conditional on her body and possible pregnancy changes. Because both partners are already seeking therapy, the most appropriate advice is to pursue couples therapy/individual therapy to assess whether this relationship can realistically be repaired before making a final decision.",
96,https://www.reddit.com/r/relationship_advice/comments/1s61t19/my_partner_m32_keeps_using_ai_to_resolve//,Communicate,"This sounds less like a relationship-ending issue and more like a communication/process problem around conflict resolution. The most appropriate advice is for the couple to talk openly about how arguments are handled, including the role AI is playing, and agree on a healthier way to discuss disagreements so he hears her directly rather than only through AI.",
97,https://www.reddit.com/r/relationship_advice/comments/1sincfz/torn_31f_between_my_longterm_partner_37m_and/,Communicate,"The core issue is a long-term relationship that has become sexless and emotionally unfulfilling, plus a new attachment creating uncertainty. The most appropriate advice is not to try to juggle both relationships, but to have an honest conversation with the long-term partner about the lack of intimacy and the state of the relationship, then decide based on whether it can be repaired. Since the problem hinges on unresolved relationship issues and major life decisions, open communication is the key first step.",
98,https://www.reddit.com/r/relationship_advice/comments/1s71kuz/how_do_i_44m_deal_with_my_gfs_43f_vastly/,Communicate,"The central issue is the poster's ongoing anxiety and sense of inequality due to a major wealth disparity, despite a healthy relationship and no evidence of mistreatment. The most appropriate advice is to discuss these feelings openly with the partner and work out expectations around spending, future finances, and marriage planning. This is less about ending the relationship or needing therapy as the primary next step, and more about honest communication and practical financial alignment.",
99,https://www.reddit.com/r/relationship_advice/comments/1s0jeoi/my_33f_husband_35m_wants_6_month_separation_to/,End Relationship,"The husband is proposing a temporary separation with an explicit condition about seeing other people, which the poster reasonably experiences as keeping her as a fallback option. Since the poster has already rejected this arrangement and the trust/commitment in the marriage appears severely damaged, the most appropriate advice is to stop the relationship rather than negotiate a middle ground. A clear separation or divorce conversation is likely more appropriate than trying to maintain ambiguity.",
100,https://www.reddit.com/r/relationship_advice/comments/1sib9j9/i_m30_am_rethinking_about_my_proposal_to_my_gf_f33/,Communicate,"The main issue is not the proposal itself but a breakdown in communication and differing expectations around surprises, planning, and control over the trip. He has already apologized and tried to talk, but they need a calm, honest conversation about why she felt upset and whether they can agree on how to handle major plans together before he proposes. This is less about ending the relationship and more about clarifying feelings and expectations.",
101,https://www.reddit.com/r/relationship_advice/comments/1s06vce/29f_ive_been_paying_rent_for_a_year_because_my/,End Relationship,"The core issue is a severe breach of trust: he has been financially dishonest, using the poster’s money to support hidden expenses and likely cheating-related subscriptions, then responded with aggression and blame when confronted. The most appropriate advice is to end the relationship rather than try to repair it, because the deception is extensive and his reaction is abusive and deflective.",
102,https://www.reddit.com/r/relationship_advice/comments/1sioahh/what_would_you_do_in_this_situation_me_m36_and/,Communicate,"This sounds like a relationship communication issue centered on differing expectations about how to handle unwanted romantic attention from others. The most appropriate advice is to talk openly about boundaries, what each partner considers respectful in these situations, and how to respond going forward without assuming bad intent.",
103,https://www.reddit.com/r/relationship_advice/comments/1s4ev1d/bf_33m_said_he_wanted_to_kill_me_28f_but_said_it/,End Relationship,"This is a violent and threatening situation: he yelled, hit her head, shoved his hand in her face, and explicitly said he wanted to kill her. Even if he later apologized or blamed sleep deprivation, the appropriate advice is to prioritize safety and end or leave the relationship/cut contact, not merely communicate or compromise.",
104,https://www.reddit.com/r/relationship_advice/comments/1sis7st/23f_dating_25m_for_2_years_thoughts_on_bf_keeping/,Set / Respect Boundaries,"The core issue is a boundary/trust concern around retaining explicit images of ex-partners. The most appropriate advice is for the poster to clearly communicate discomfort and set a firm boundary about deleting and not keeping nude photos, rather than simply trusting it away or escalating immediately to a breakup. This is best addressed through an open, direct conversation about expectations and consent around keeping sexual content.",
105,https://www.reddit.com/r/relationship_advice/comments/1si5my5/is_this_shady_behavior_or_am_i_looking_into_it/,Communicate,"The core issue is broken trust and repeated dishonesty, and the immediate next step is to address this directly with an honest conversation about the timeline, the missing message, and what each partner needs to rebuild trust. Since he has admitted to lying before, the relationship needs clarity and transparency rather than more phone-checking or assumptions. If he cannot be truthful or refuses to discuss it, then larger boundary or relationship decisions may follow, but the most appropriate advice here is to talk openly first.",
106,https://www.reddit.com/r/relationship_advice/comments/1rrqb5b/husband_41m_says_im_the_problem_36f/,End Relationship,"The husband is demeaning the poster, comparing her to an ex, refusing responsibility, and saying he was happier before the baby. There are serious signs of disrespect and lack of commitment, and he is already open to divorce. While the poster wants to make it work, the most appropriate advice is to end the relationship or at minimum separate, since the pattern is unlikely to improve without major change and there is no evidence of willingness to repair it.",
107,https://www.reddit.com/r/relationship_advice/comments/1sia70n/i_f26_currently_struggling_with_my_boyfriendm_25/,Give Space / Time,"The poster is overwhelmed, emotionally dysregulated, and wants a short reset from constant contact to avoid lashing out. The most appropriate advice is to clearly communicate this need as temporary space rather than framing it as a breakup or ambiguous 'break,' and to set expectations for when contact will resume.",
109,https://www.reddit.com/r/relationship_advice/comments/1sia3kb/boyfriend_23m_does_not_talk_to_me_21f_the_way_he/,Communicate,"The issue is primarily a mismatch in effort, interest, and communication style that has already been raised but not resolved. The most appropriate next step is another direct, honest conversation about needs, expectations, and whether both partners are willing to actively improve the relationship, rather than immediately ending it or suggesting therapy first.",
110,https://www.reddit.com/r/relationship_advice/comments/1sgdgkj/my_gf_33f_seems_hesitant_having_kids_with_me_32m/,Communicate,"This is fundamentally a values and life-goals mismatch around having children. The poster already knows it is a dealbreaker for him, and the partner has repeatedly expressed uncertainty or disinterest over years. The most appropriate advice is to have a direct, honest conversation to clarify whether she truly wants children, rather than continue vague pressure or assume she will come around. If the answer remains no, that would point toward incompatibility, but the immediate step is communication.",
